;Nom_Oferta;Empresa;UbicaciÃ³;Temps_Oferta;Horari
0;Data Scientist;Mediktor;Barcelona, CataluÃ±a, EspaÃ±a;hace 3 semanas;Jornada completa
1;Analista de datos;Gift Campaign;Barcelona, CataluÃ±a, EspaÃ±a;hace 6 dÃ­as;Jornada completa
2;CientÃ­fico de datos;KH Lloreda;Canovelles, CataluÃ±a, EspaÃ±a;hace 2 dÃ­as;Jornada completa
3;Data Scientist;ByRatings;Barcelona, CataluÃ±a, EspaÃ±a;hace 3 meses;Jornada completa
4;Data Governance Analyst;Zurich Insurance;Barcelona, CataluÃ±a, EspaÃ±a;hace 5 horas;Jornada completa Â· Intermedio
5;Data Analyst, CO Business Reporting & Analytics;Meta;EspaÃ±a;hace 10 horas;Jornada completa
6;Data Scientist â€“ Marketing & Network Analytics;King;Barcelona, CataluÃ±a, EspaÃ±a;hace 1 semana;Jornada completa
7;Principal Applied & Data Scientist;Microsoft;Barcelona, CataluÃ±a, EspaÃ±a;hace 2 semanas;Jornada completa
8;Analista de Datos Power BI.;Onclusive;Barcelona, CataluÃ±a, EspaÃ±a;hace 4 dÃ­as;Jornada completa Â· Algo de responsabilidad
9;Game Data Scientist/Analyst - Barcelona Gaming Giant;Touchpoint Resource Ltd;Barcelona, CataluÃ±a, EspaÃ±a;hace 1 mes;Jornada completa Â· Intermedio
10;Gerente de AuditorÃ­a de sistemas de informaciÃ³n y analista de datos;Grant Thornton EspaÃ±a;Barcelona, CataluÃ±a, EspaÃ±a;hace 2 semanas;Jornada completa Â· Intermedio
11;Data Analyst;SDG Group Iberia;Barcelona, CataluÃ±a, EspaÃ±a;hace 3 horas;Jornada completa Â· Sin experiencia
12;Pricing Data Analyst;MANGO;Palau-solitÃ  i Plegamans, CataluÃ±a, EspaÃ±a;hace 3 semanas;Jornada completa Â· Sin experiencia
13;Global Analytics, Data and Automation Scientist;Alcon;Barcelona, CataluÃ±a, EspaÃ±a;hace 1 semana;Jornada completa Â· Sin experiencia
14;Data Scientist;Ocado Technology;Barcelona, CataluÃ±a, EspaÃ±a;hace 1 semana;Jornada completa Â· Sin experiencia
15;Data Scientist, Software Development-ESP;CloudBlue;Barcelona, CataluÃ±a, EspaÃ±a;hace 2 semanas;Jornada completa Â· Sin experiencia
16;Data Scientist - Digital Finance Hub;Novartis EspaÃ±a;Barcelona, CataluÃ±a, EspaÃ±a;hace 3 semanas;Jornada completa Â· Algo de responsabilidad
17;Data Scientist;Chi Square Analytics;Barcelona, CataluÃ±a, EspaÃ±a;hace 1 semana;50.000 Â£/yr - 65.000 Â£/yr Â· Jornada completa Â· Intermedio
18;Advanced Analytics Analyst;Sanofi;Barcelona, CataluÃ±a, EspaÃ±a;hace 1 semana;Jornada completa Â· Intermedio
19;Data Analyst - Routing (GlovoMaps);Glovo;Barcelona, CataluÃ±a, EspaÃ±a;hace 3 dÃ­as;Jornada completa Â· Sin experiencia
20;Data Scientist;Siemens Energy;Barcelona, CataluÃ±a, EspaÃ±a;hace 2 semanas;Jornada completa Â· Sin experiencia
21;Product Data Scientist;Preply;Barcelona, CataluÃ±a, EspaÃ±a;hace 1 semana;Jornada completa Â· Intermedio
22;Data Scientist (m/f/d);ZF Group;Barcelona, CataluÃ±a, EspaÃ±a;hace 1 semana;Jornada completa Â· Sin experiencia
23;Data Scientist;eDreams ODIGEO;Barcelona, CataluÃ±a, EspaÃ±a;hace 1 semana;Jornada completa Â· Sin experiencia
24;Data Scientist;Kraz (Viko Group);Barcelona, CataluÃ±a, EspaÃ±a;hace 3 semanas;Jornada completa Â· Intermedio
25;Data & Applied Scientist II - WebXT;Microsoft;Barcelona, CataluÃ±a, EspaÃ±a;hace 5 dÃ­as;Jornada completa
26;Data Scientist - Eternal Games;King;Barcelona, CataluÃ±a, EspaÃ±a;hace 1 semana;Jornada completa
27;Global Analytics, Data and Automation Scientist;Alcon;Barcelona, CataluÃ±a, EspaÃ±a;hace 1 semana;Jornada completa Â· Sin experiencia
28;Data Scientist;Sanofi;Barcelona, CataluÃ±a, EspaÃ±a;hace 1 semana;Jornada completa Â· Intermedio
29;Data analyst;Sanofi;Barcelona, CataluÃ±a, EspaÃ±a;hace 3 meses;Jornada completa Â· Intermedio
30;Data Analytics;Deloitte;Barcelona, CataluÃ±a, EspaÃ±a;hace 2 meses;Jornada completa Â· Algo de responsabilidad
31;Data Scientist;Allianz Technology;Barcelona y alrededores;hace 1 semana;Jornada completa Â· Intermedio
32;Data Scientist (Experimentation);Adevinta;Barcelona, CataluÃ±a, EspaÃ±a;hace 3 semanas;Jornada completa Â· Intermedio
33;DATA SCIENTIST;CaixaBank Tech;Barcelona, CataluÃ±a, EspaÃ±a;hace 3 semanas;Jornada completa
34;Data Scientist Intern;Roche;Barcelona, CataluÃ±a, EspaÃ±a;hace 2 semanas;Jornada completa Â· Sin experiencia
35;Data scientist;Softonic;Barcelona, CataluÃ±a, EspaÃ±a;hace 4 horas;Jornada completa Â· Algo de responsabilidad
36;Data Analyst;Deloitte;Barcelona, CataluÃ±a, EspaÃ±a;hace 2 meses;Jornada completa Â· Algo de responsabilidad
37;Analista Predictivo/a;Zurich Insurance;Barcelona, CataluÃ±a, EspaÃ±a;hace 1 semana;Jornada completa Â· Intermedio
38;Data analyst;Sanofi;Barcelona, CataluÃ±a, EspaÃ±a;hace 2 meses;Jornada completa Â· Intermedio
39;Data Scientist;Werfen;LliÃ§Ã  d'Amunt, CataluÃ±a, EspaÃ±a;hace 1 semana;Jornada completa Â· Intermedio
40;Auditor/a Junior de Sistemas de informaciÃ³n y Analista de Datos;Grant Thornton EspaÃ±a;Barcelona, CataluÃ±a, EspaÃ±a;hace 2 semanas;Jornada completa Â· Intermedio
41;Actuario Data Scientist;VidaCaixa;Barcelona, CataluÃ±a, EspaÃ±a;hace 4 dÃ­as;Jornada completa Â· Algo de responsabilidad
42;Data Scientist;Zurich Insurance;Barcelona, CataluÃ±a, EspaÃ±a;hace 1 dÃ­a;Jornada completa Â· Intermedio
43;Data Scientist - Casual Games;Voodoo;Barcelona, CataluÃ±a, EspaÃ±a;hace 1 semana;Jornada completa Â· Sin experiencia
44;Data Analyst;Bayer;Barcelona, CataluÃ±a, EspaÃ±a;hace 3 semanas;Jornada completa Â· Sin experiencia
45;Analista de Datos;LLYC;Barcelona, CataluÃ±a, EspaÃ±a;hace 1 mes;Jornada completa Â· Sin experiencia
46;Data Scientist, Marketing;Wallapop;Barcelona, CataluÃ±a, EspaÃ±a;hace 1 semana;Jornada completa Â· Algo de responsabilidad
47;Data Scientist Personalization;MANGO;Palau-solitÃ  i Plegamans, CataluÃ±a, EspaÃ±a;hace 2 dÃ­as;Jornada completa Â· Algo de responsabilidad
48;Energy Markets Data Scientist;Siemens Energy;Barcelona, CataluÃ±a, EspaÃ±a;hace 1 dÃ­a;Jornada completa Â· Sin experiencia
49;Data Scientist / BI Consultant;Robert Walters;Barcelona, CataluÃ±a, EspaÃ±a;hace 2 semanas;Jornada completa Â· Sin experiencia
50;Data Mgmt Analyst;Sanofi;Barcelona, CataluÃ±a, EspaÃ±a;hace 1 semana;Jornada completa Â· Intermedio
51;Game Data Scientist;Socialpoint;Barcelona, CataluÃ±a, EspaÃ±a;hace 1 dÃ­a;Jornada completa Â· Sin experiencia
52;Junior Business Intelligence Support Specialist;Zurich Insurance;Barcelona, CataluÃ±a, EspaÃ±a;hace 11 horas;Jornada completa Â· Sin experiencia
53;Business/Data Analyst (Power BI);Morgan Philips Group;Barcelona, CataluÃ±a, EspaÃ±a;hace 1 mes;Jornada completa Â· Algo de responsabilidad
54;Consultor Junior Business Intelligence & Analytics;EY;Barcelona, CataluÃ±a, EspaÃ±a;hace 1 dÃ­a;Jornada completa Â· Sin experiencia
55;Data Analyst Expert;TDCX;Barcelona, CataluÃ±a, EspaÃ±a;hace 1 dÃ­a;Jornada completa Â· Intermedio
56;Junior Data Engineer;Sogeti;Barcelona y alrededores;hace 3 horas;Jornada completa Â· Algo de responsabilidad
57;Data Analyst;Dow Jones;Barcelona, CataluÃ±a, EspaÃ±a;hace 1 semana;Jornada completa
58;Big Data Engineer;Dell Technologies;EspaÃ±a;hace 13 horas;Jornada completa
59;Data Scientist;Zurich Insurance;Barcelona, CataluÃ±a, EspaÃ±a;hace 5 horas;Jornada completa Â· Intermedio
60;Data Engineer;Deloitte;Barcelona, CataluÃ±a, EspaÃ±a;hace 4 meses;Jornada completa Â· Algo de responsabilidad
61;Data Analyst - Partners & Brands (They/She/He);Glovo;Barcelona, CataluÃ±a, EspaÃ±a;hace 2 semanas;Jornada completa Â· Algo de responsabilidad
62;Privacy Operations Data Analyst;HP;Sant Cugat del VallÃ¨s, CataluÃ±a, EspaÃ±a;hace 6 dÃ­as;Jornada completa
63;Analista Predictivo;Zurich Insurance;Barcelona, CataluÃ±a, EspaÃ±a;hace 1 semana;Jornada completa Â· Intermedio
64;Data Analyst;Fenarc;Barcelona, CataluÃ±a, EspaÃ±a;hace 2 dÃ­as;Jornada completa Â· Sin experiencia
65;Data Analyst - Partner Ops Excellence (They/She/He);Glovo;Barcelona, CataluÃ±a, EspaÃ±a;hace 1 semana;Jornada completa Â· Algo de responsabilidad
66;Senior Data Analyst;GBfoods (Corporate Brand of Gallina Blanca);Barcelona, CataluÃ±a, EspaÃ±a;hace 3 semanas;Jornada completa Â· Algo de responsabilidad
67;Reporting Data Analyst;Brico DepÃ´t Iberia (Grupo Kingfisher);Barcelona, CataluÃ±a, EspaÃ±a;hace 2 dÃ­as;Temporal Â· Sin experiencia
68;Data Analyst;MANGO;Palau-solitÃ  i Plegamans, CataluÃ±a, EspaÃ±a;hace 3 semanas;Jornada completa Â· Algo de responsabilidad
69;Data Analyst - Fraud (They/She/He);Glovo;Barcelona, CataluÃ±a, EspaÃ±a;hace 2 semanas;Jornada completa Â· Sin experiencia
70;Data Engineer;CaixaBank Tech;Barcelona, CataluÃ±a, EspaÃ±a;hace 4 dÃ­as;Jornada completa
71;Senior Reporting Data Analyst;Zurich Insurance;Barcelona, CataluÃ±a, EspaÃ±a;hace 2 semanas;Jornada completa Â· Intermedio
72;Reporting Data Analyst/Developer;PPG;Barcelona, CataluÃ±a, EspaÃ±a;hace 1 semana;Jornada completa
73;Data Analyst (Power BI & SQL);Michael Page;Barcelona, CataluÃ±a, EspaÃ±a;hace 4 semanas;Jornada completa Â· Algo de responsabilidad
74;Consultor BI Microsoft;;Barcelona, CataluÃ±a, EspaÃ±a;hace 1 dÃ­a;Jornada completa Â· Algo de responsabilidad
75;GO! Graduate IoT & Data Analysis;Essity;Barcelona, CataluÃ±a, EspaÃ±a;hace 1 dÃ­a;Jornada completa
76;Data Analyst;Grupo Planeta;Barcelona, CataluÃ±a, EspaÃ±a;hace 1 semana;Jornada completa Â· Sin experiencia
77;Senior Data Analyst - vpTech Data team;Veepee;Barcelona, CataluÃ±a, EspaÃ±a;hace 2 meses;Jornada completa Â· Algo de responsabilidad
78;Analist funcional BI;TSD Consulting;Barcelona, CataluÃ±a, EspaÃ±a;hace 3 dÃ­as;Jornada completa Â· Sin experiencia
79;YT Recruitment 2022 (Financieros, Data Analyst y Project Manager);Banco Sabadell;Barcelona y alrededores;hace 1 dÃ­a;Jornada completa Â· Sin experiencia
80;Data Analyst (m|f|d) at Dein Traumjob wartet!;join.com;Barcelona, CataluÃ±a, EspaÃ±a;hace 1 dÃ­a;Jornada completa Â· Sin experiencia
81;Data Engineer;Pronovias;Barcelona, CataluÃ±a, EspaÃ±a;hace 2 horas;Jornada completa Â· Sin experiencia
82;Data Analyst - Scheduling (They/She/He);Glovo;Barcelona, CataluÃ±a, EspaÃ±a;hace 1 semana;Jornada completa Â· Sin experiencia
83;Game Data Analyst;Socialpoint;Barcelona, CataluÃ±a, EspaÃ±a;hace 2 semanas;Jornada completa Â· Sin experiencia
84;Desarrollador Big Data (Girona);Accenture EspaÃ±a;Barcelona, CataluÃ±a, EspaÃ±a;hace 3 dÃ­as;Jornada completa Â· Intermedio
85;Incubation Senior Finance & Data Analyst;HP;Sant Cugat del VallÃ¨s, CataluÃ±a, EspaÃ±a;hace 1 mes;Jornada completa
86;GO! Graduate IT & Data Analysis;Essity;Barcelona, CataluÃ±a, EspaÃ±a;hace 1 dÃ­a;Jornada completa
87;Data Analyst - A/B testing;eDreams ODIGEO;Barcelona, CataluÃ±a, EspaÃ±a;hace 1 semana;Jornada completa Â· Sin experiencia
88;Master Data Analyst;Tech Data;Barcelona, CataluÃ±a, EspaÃ±a;hace 2 semanas;Jornada completa
89;Data Engineer (They/He/She);Adsmurai;Barcelona, CataluÃ±a, EspaÃ±a;hace 1 dÃ­a;Jornada completa Â· Intermedio
90;Senior Quantitative Analyst;Adecco;Barcelona, CataluÃ±a, EspaÃ±a;hace 2 semanas;Jornada completa Â· Algo de responsabilidad
91;Finance Data Analyst (They/She/He);Glovo;Barcelona, CataluÃ±a, EspaÃ±a;hace 3 semanas;Jornada completa Â· Sin experiencia
92;Data analyst - Food Solutions (They/She/He);Glovo;Barcelona, CataluÃ±a, EspaÃ±a;hace 2 semanas;Jornada completa Â· Sin experiencia
93;Data Analyst - Qcommerce - Sales;Glovo;Barcelona, CataluÃ±a, EspaÃ±a;hace 4 semanas;Jornada completa Â· Sin experiencia
94;Data Engineer;Sanofi;Barcelona, CataluÃ±a, EspaÃ±a;hace 1 mes;Jornada completa Â· Intermedio
95;Mid / Senior Data Analyst - Central Data team;Factorial HR;Barcelona, CataluÃ±a, EspaÃ±a;hace 2 dÃ­as;Jornada completa Â· Algo de responsabilidad
96;Data & Insights Analyst;NestlÃ© Nespresso SA;Esplugues de Llobregat, CataluÃ±a, EspaÃ±a;hace 1 semana;Jornada completa
97;Data Analyst;Newrest;Barcelona, CataluÃ±a, EspaÃ±a;hace 3 semanas;Jornada completa Â· Intermedio
98;Senior Data Analyst;Veepee;Barcelona, CataluÃ±a, EspaÃ±a;hace 2 semanas;Jornada completa Â· Intermedio
99;DATA ANALYST â€“ We have tons of data, what can you do with it ?;Reflex Leads;Barcelona, CataluÃ±a, EspaÃ±a;hace 1 semana;Jornada completa
100;Fraud Data Analyst (They/She/He);Glovo;Barcelona, CataluÃ±a, EspaÃ±a;hace 2 semanas;Jornada completa Â· Sin experiencia
101;Data Analyst - Acquisition (They/She/He);Glovo;Barcelona, CataluÃ±a, EspaÃ±a;hace 2 semanas;Jornada completa Â· Sin experiencia
102;Senior Global Data Analyst;The Valley Talent;Barcelona, CataluÃ±a, EspaÃ±a;hace 2 dÃ­as;Jornada completa Â· Algo de responsabilidad
103;Crew Data Analyst;Norwegian;Barcelona, CataluÃ±a, EspaÃ±a;hace 2 semanas;Jornada completa Â· Sin experiencia
104;Business Data Analyst for Tax Engine;Amazon;Barcelona, CataluÃ±a, EspaÃ±a;hace 1 semana;Jornada completa
105;Data Analyst - Food Innovation;Glovo;Barcelona, CataluÃ±a, EspaÃ±a;hace 4 semanas;Jornada completa Â· Sin experiencia
106;Data Analyst - Talent Team (m/f/d);TIER Mobility;Barcelona, CataluÃ±a, EspaÃ±a;hace 2 semanas;Jornada completa Â· Sin experiencia
107;Data Analyst - Food Innovation (They/She/He);Glovo;Barcelona, CataluÃ±a, EspaÃ±a;hace 2 dÃ­as;Jornada completa Â· Sin experiencia
108;Data Engineer;Remote;EspaÃ±a;hace 2 semanas;Jornada completa Â· Sin experiencia
109;Senior Data Analyst;Tilting Point;Barcelona, CataluÃ±a, EspaÃ±a;hace 3 semanas;Jornada completa Â· Algo de responsabilidad
110;Business Intelligence Analyst (Barcelona);Rover.com;Barcelona, CataluÃ±a, EspaÃ±a;hace 1 mes;Jornada completa Â· Algo de responsabilidad
111;JUNIOR DATA ENGINEER;Eurecat - Centro TecnolÃ³gico de Catalunya;Barcelona, CataluÃ±a, EspaÃ±a;hace 1 mes;Jornada completa Â· Algo de responsabilidad
112;Data Analyst - Q-Commerce - Sales;Glovo;Barcelona, CataluÃ±a, EspaÃ±a;hace 2 semanas;Jornada completa Â· Sin experiencia
113;Lead Data Analyst - Crypto;Revolut;EspaÃ±a;hace 1 semana;Jornada completa Â· Intermedio
114;Senior Data Scientist - Pricing analytics;HP;Sant Cugat del VallÃ¨s, CataluÃ±a, EspaÃ±a;hace 1 mes;Jornada completa
115;Data Engineer;Accenture EspaÃ±a;Barcelona, CataluÃ±a, EspaÃ±a;hace 1 semana;Jornada completa Â· Intermedio
116;Head of Data Analytics (They /She/ He);Glovo;Barcelona, CataluÃ±a, EspaÃ±a;hace 4 semanas;Jornada completa Â· Director
117;Business Intelligence Consultant;Schneider Electric;Barcelona, CataluÃ±a, EspaÃ±a;hace 1 dÃ­a;Jornada completa Â· Algo de responsabilidad
118;Business Intelligence Analyst;Pronovias;Barcelona, CataluÃ±a, EspaÃ±a;hace 3 semanas;Jornada completa Â· Algo de responsabilidad
119;Data Analyst - Delivery Flow Team (They/She/He);Glovo;Barcelona, CataluÃ±a, EspaÃ±a;hace 6 dÃ­as;Jornada completa Â· Sin experiencia
120;Software Data Engineer;Aetion;Barcelona, CataluÃ±a, EspaÃ±a;hace 3 horas;Jornada completa Â· Intermedio
121;Celonis Data Analyst;MediaMarkt Iberia;El Prat de Llobregat, CataluÃ±a, EspaÃ±a;hace 5 meses;Jornada completa Â· Sin experiencia
122;Product Data Analyst (They/She/He);Glovo;Barcelona, CataluÃ±a, EspaÃ±a;hace 2 semanas;Jornada completa Â· Sin experiencia
123;DATA ENGINEER (H/M);Capgemini Engineering;Barcelona, CataluÃ±a, EspaÃ±a;hace 4 dÃ­as;Jornada completa Â· Algo de responsabilidad
124;Customer Engineer, Data Analytics, Google Cloud;Google;Barcelona, CataluÃ±a, EspaÃ±a;hace 1 semana;Jornada completa Â· Sin experiencia
125;Game Data Analyst (M/F);Madbox;Barcelona, CataluÃ±a, EspaÃ±a;hace 1 mes;Jornada completa Â· Sin experiencia
126;Data analyst;Sopra Steria;Barcelona, CataluÃ±a, EspaÃ±a;hace 3 dÃ­as;Jornada completa Â· Intermedio
127;Senior Data Analyst - BI Team;Veepee;Barcelona, CataluÃ±a, EspaÃ±a;hace 3 semanas;Jornada completa Â· Intermedio
128;Data Analyst;Festo EspaÃ±a;Barcelona, CataluÃ±a, EspaÃ±a;hace 8 horas;Jornada completa
129;Data Engineer (Madrid o Barcelona);Innova-tsn;Barcelona y alrededores;hace 1 semana;Jornada completa Â· Algo de responsabilidad
130;DATA ENGINEER (H/M);Capgemini;Barcelona, CataluÃ±a, EspaÃ±a;hace 6 dÃ­as;Jornada completa Â· Sin experiencia
131;Data engineer - MDM;Sanofi;Barcelona, CataluÃ±a, EspaÃ±a;hace 1 mes;Jornada completa Â· Intermedio
132;Data Analyst, Pricing-ESP;Ingram Micro;Barcelona, CataluÃ±a, EspaÃ±a;hace 1 semana;Jornada completa Â· Sin experiencia
133;Strategic Data Analyst, International - Remote;Boats Group;Barcelona, CataluÃ±a, EspaÃ±a;hace 1 mes;PrÃ¡cticas Â· Sin experiencia
134;Digital Data Engineer;Sanofi;Barcelona, CataluÃ±a, EspaÃ±a;hace 1 semana;Jornada completa Â· Intermedio
135;Intelligence Analyst (Remote);CrowdStrike;Barcelona, CataluÃ±a, EspaÃ±a;hace 5 horas;Jornada completa Â· Algo de responsabilidad
136;Vulnerability Intelligence Analyst (Remote);CrowdStrike;Barcelona, CataluÃ±a, EspaÃ±a;hace 3 dÃ­as;Jornada completa Â· Algo de responsabilidad
137;Junior Data Engineer;Socialpoint;Barcelona, CataluÃ±a, EspaÃ±a;hace 1 semana;Jornada completa Â· Algo de responsabilidad
138;Senior Data Analyst - Product;FREE NOW;Barcelona, CataluÃ±a, EspaÃ±a;hace 5 dÃ­as;Jornada completa Â· Algo de responsabilidad
139;CRM-Data Analyst;imagin;Barcelona, CataluÃ±a, EspaÃ±a;hace 1 semana;Jornada completa Â· Intermedio
140;(Senior) Data Analyst m/f/d I on-site or remote;BestSecret;EspaÃ±a;hace 2 semanas;Jornada completa Â· Sin experiencia
141;Data Engineer;AXA Partners;Barcelona, CataluÃ±a, EspaÃ±a;hace 2 semanas;Jornada completa Â· Sin experiencia
142;Data Analyst - Product;FREE NOW;Barcelona, CataluÃ±a, EspaÃ±a;hace 6 dÃ­as;Jornada completa Â· Algo de responsabilidad
143;Data Engineer Internship;Zurich Insurance;Barcelona, CataluÃ±a, EspaÃ±a;hace 1 semana;Media jornada Â· PrÃ¡cticas
144;Data Engineer BI;Page Personnel;Barcelona, CataluÃ±a, EspaÃ±a;hace 5 meses;Jornada completa Â· Sin experiencia
145;Data Engineer BI;Page Personnel;Barcelona, CataluÃ±a, EspaÃ±a;hace 4 meses;Jornada completa Â· Sin experiencia
146;Senior Data Analyst;Reloadly;Barcelona, CataluÃ±a, EspaÃ±a;hace 3 semanas;Jornada completa Â· Algo de responsabilidad
147;Biostatistician II;Veristat;Barcelona, CataluÃ±a, EspaÃ±a;hace 4 dÃ­as;Jornada completa Â· Algo de responsabilidad
148;Data Analyst;Grupo Planeta;Barcelona, CataluÃ±a, EspaÃ±a;hace 1 semana;Jornada completa Â· Intermedio
149;Digital Marketing Data Analyst/Data Scientist;HP;Sant Cugat del VallÃ¨s, CataluÃ±a, EspaÃ±a;hace 3 semanas;Jornada completa
150;Business Data Analyst (They/She/He);Glovo;Barcelona, CataluÃ±a, EspaÃ±a;hace 1 semana;Jornada completa Â· Algo de responsabilidad
151;Junior Data Analyst;TravelPerk;Barcelona, CataluÃ±a, EspaÃ±a;hace 6 dÃ­as;Jornada completa Â· Intermedio
152;Data Scientist - Insurance / Financial Services Background;Zurich Insurance;Barcelona, CataluÃ±a, EspaÃ±a;hace 1 dÃ­a;Jornada completa Â· Intermedio
153;EMEA BI Sr Data Analyst;Ingram Micro;Barcelona, CataluÃ±a, EspaÃ±a;hace 1 dÃ­a;Jornada completa Â· Algo de responsabilidad
154;Senior Data Analyst;Dynatrace;Barcelona, CataluÃ±a, EspaÃ±a;hace 1 dÃ­a;Jornada completa Â· Algo de responsabilidad
155;Data Analyst;AHEAD TECHNOLOGY;EspaÃ±a;hace 1 semana;Jornada completa Â· Algo de responsabilidad
156;Senior Data Analyst (Bangkok Based, relocation provided);Agoda;Barcelona, CataluÃ±a, EspaÃ±a;hace 1 semana;Jornada completa Â· Algo de responsabilidad
157;Junior Solution Engineer DWH/BI;Zurich Insurance;Barcelona, CataluÃ±a, EspaÃ±a;hace 2 semanas;Jornada completa Â· Intermedio
158;Research Data Scientist;Meta;EspaÃ±a;hace 4 horas;Jornada completa
159;Data Engineer;Amazon;Barcelona, CataluÃ±a, EspaÃ±a;hace 2 semanas;Jornada completa
160;Ad Operations Data Analyst;Younited;Barcelona, CataluÃ±a, EspaÃ±a;hace 3 semanas;Jornada completa Â· Sin experiencia
161;Analista Funcional BI;TSD Consulting;Barcelona, CataluÃ±a, EspaÃ±a;hace 2 semanas;Jornada completa Â· Intermedio
162;Data Analyst, Pricing-ESP;Ingram Micro;Barcelona, CataluÃ±a, EspaÃ±a;hace 6 horas;Jornada completa Â· Sin experiencia
163;Data Engineer - BI;Glovo;Barcelona, CataluÃ±a, EspaÃ±a;hace 1 mes;Jornada completa Â· Algo de responsabilidad
164;Data Engineer;Amazon;Barcelona, CataluÃ±a, EspaÃ±a;hace 2 semanas;Jornada completa
165;Data Engineer;Robert Walters;Barcelona, CataluÃ±a, EspaÃ±a;hace 1 semana;Jornada completa Â· Sin experiencia
166;Data Governance Analyst - Europe remote;Cimpress;EspaÃ±a;hace 3 dÃ­as;Jornada completa Â· Sin experiencia
167;People Data Analyst;eDreams ODIGEO;Barcelona, CataluÃ±a, EspaÃ±a;hace 1 semana;Jornada completa Â· Sin experiencia
168;Data Engineer;Amazon;Barcelona, CataluÃ±a, EspaÃ±a;hace 2 semanas;Jornada completa
169;Data Engineer;Siemens Energy;Barcelona, CataluÃ±a, EspaÃ±a;hace 2 semanas;Jornada completa Â· Sin experiencia
170;Product Data Analyst (f/m/d);Homelike;Barcelona, CataluÃ±a, EspaÃ±a;hace 2 dÃ­as;Jornada completa Â· Sin experiencia
171;Data Engineer;Amazon;Barcelona, CataluÃ±a, EspaÃ±a;hace 5 dÃ­as;Jornada completa
172;Business Intelligence Engineer;Amazon;Barcelona, CataluÃ±a, EspaÃ±a;hace 2 semanas;Jornada completa
173;Data Engineer;DNV;Barcelona, CataluÃ±a, EspaÃ±a;hace 3 semanas;Jornada completa
174;Data Engineer;PepsiCo;Barcelona, CataluÃ±a, EspaÃ±a;hace 2 semanas;Jornada completa Â· Intermedio
175;Data Visualization Engineer;Sanofi;Barcelona, CataluÃ±a, EspaÃ±a;hace 1 semana;Jornada completa Â· Intermedio
176;Credit Intelligence Analyst;Tech Data;Barcelona, CataluÃ±a, EspaÃ±a;hace 2 semanas;Jornada completa
177;Data Analyst- Finance;TravelPerk;Barcelona, CataluÃ±a, EspaÃ±a;hace 5 meses;Jornada completa Â· Intermedio
178;BI Designer and Data Visualization;HP;Sant Cugat del VallÃ¨s, CataluÃ±a, EspaÃ±a;hace 1 mes;Jornada completa
179;Business Intelligence Engineer, EMEA GES;Amazon;Barcelona, CataluÃ±a, EspaÃ±a;hace 2 dÃ­as;Jornada completa
180;Junior Data Scraping Engineer (Python);Flanks;Barcelona, CataluÃ±a, EspaÃ±a;hace 2 dÃ­as;Jornada completa Â· Algo de responsabilidad
181;Data Engineer BI;Michael Page;Barcelona, CataluÃ±a, EspaÃ±a;hace 4 meses;Jornada completa Â· Sin experiencia
182;Business Intelligence Consultant;Mur&Partners;Barcelona, CataluÃ±a, EspaÃ±a;hace 3 semanas;Jornada completa Â· Algo de responsabilidad
183;Business Intelligence Analyst (Senior);Thunes;Barcelona, CataluÃ±a, EspaÃ±a;hace 3 semanas;Jornada completa Â· Algo de responsabilidad
184;Business Intelligence Engineer;Amazon;Barcelona, CataluÃ±a, EspaÃ±a;hace 2 semanas;Jornada completa
185;Analista de datos ELK;Alisys;EspaÃ±a;hace 3 dÃ­as;Jornada completa Â· Algo de responsabilidad
186;Business Intelligence Consultant;Mur&Partners;Barcelona, CataluÃ±a, EspaÃ±a;hace 3 semanas;Jornada completa Â· Algo de responsabilidad
187;BI Consultant;;Barcelona, CataluÃ±a, EspaÃ±a;hace 3 semanas;Jornada completa Â· Algo de responsabilidad
188;Data Engineer;Page Personnel;Barcelona, CataluÃ±a, EspaÃ±a;hace 3 dÃ­as;Jornada completa Â· Sin experiencia
189;Junior Data Scientist - Python;Between Technology;Barcelona, CataluÃ±a, EspaÃ±a;hace 2 dÃ­as;Jornada completa Â· Sin experiencia
190;IT | Data Analyst | CataluÃ±a;ALTEN;Barcelona, CataluÃ±a, EspaÃ±a;hace 1 semana;Jornada completa Â· Intermedio
191;Data Engineer Junior - BI;Kiteris;Barcelona, CataluÃ±a, EspaÃ±a;hace 3 meses;Jornada completa Â· Algo de responsabilidad
192;Data Engineer BI;Michael Page;Barcelona, CataluÃ±a, EspaÃ±a;hace 5 meses;Jornada completa Â· Sin experiencia
193;BI Data Analyst (M/F);Madbox;Barcelona, CataluÃ±a, EspaÃ±a;hace 7 meses;Jornada completa Â· Algo de responsabilidad
194;Data Analyst;Applus+ Laboratories;Cerdanyola del VallÃ¨s, CataluÃ±a, EspaÃ±a;hace 3 dÃ­as;Jornada completa Â· Algo de responsabilidad
195;Data Analyst - Qcommerce - Partner Operations;Glovo;Barcelona, CataluÃ±a, EspaÃ±a;hace 4 semanas;Jornada completa Â· Sin experiencia
196;Business Data Analyst for Tax Engine;Amazon;Barcelona, CataluÃ±a, EspaÃ±a;hace 2 dÃ­as;Jornada completa
197;Marketing Data Analyst;CloudBlue;Barcelona, CataluÃ±a, EspaÃ±a;hace 3 dÃ­as;Jornada completa Â· Algo de responsabilidad
198;Data Engineer - BI (They/She/He);Glovo;Barcelona, CataluÃ±a, EspaÃ±a;hace 2 semanas;Jornada completa Â· Sin experiencia
199;Business Data Analyst for Tax Engine;Amazon;Barcelona, CataluÃ±a, EspaÃ±a;hace 2 dÃ­as;Jornada completa
200;Senior Product Data Analyst;BLING;Barcelona, CataluÃ±a, EspaÃ±a;hace 2 dÃ­as;Jornada completa
201;BI Specialist;JLL;Vic, CataluÃ±a, EspaÃ±a;hace 2 semanas;Jornada completa Â· Sin experiencia
202;Data Analyst;Housfy;Barcelona, CataluÃ±a, EspaÃ±a;hace 1 semana;Jornada completa Â· Algo de responsabilidad
203;Senior Data Analyst, Vendor Analytics â€“ Digital Markets;Gartner;Barcelona, CataluÃ±a, EspaÃ±a;hace 6 horas;Jornada completa Â· Algo de responsabilidad
204;Data Engineer;BLING;Barcelona, CataluÃ±a, EspaÃ±a;hace 2 dÃ­as;Jornada completa
205;Data Engineer - BI (They/She/He);Glovo;Barcelona, CataluÃ±a, EspaÃ±a;hace 2 semanas;Jornada completa Â· Sin experiencia
206;Data Analyst;Q-tech;Barcelona y alrededores;hace 1 semana;Jornada completa Â· Intermedio
207;Data & Analytics products and Services (DAPS) Internal Communications Intern;NestlÃ©;Esplugues de Llobregat, CataluÃ±a, EspaÃ±a;hace 3 semanas;Jornada completa
208;Data Engineer, EU Workforce Staffing;Amazon;Barcelona, CataluÃ±a, EspaÃ±a;hace 5 horas;Jornada completa
209;Data Engineer;GfK;Barcelona y alrededores;hace 3 horas;Jornada completa Â· Intermedio
210;Senior Data Analyst, Mobile;Brainly;EspaÃ±a;hace 3 semanas;Jornada completa Â· Intermedio
211;Business Intelligence Engineer;Amazon;Barcelona, CataluÃ±a, EspaÃ±a;hace 2 semanas;Jornada completa
212;Data Analyst, Marketplace;OnFrontiers;Barcelona, CataluÃ±a, EspaÃ±a;hace 1 mes;Jornada completa Â· Sin experiencia
213;Senior Business Intelligence & Insights Analyst;Veriff;Barcelona, CataluÃ±a, EspaÃ±a;hace 3 dÃ­as;Jornada completa Â· Intermedio
214;Data Engineer;Pronovias;Barcelona y alrededores;hace 4 horas;Jornada completa Â· Algo de responsabilidad
215;Senior Data Analyst/Scientist;Domestika;Barcelona, CataluÃ±a, EspaÃ±a;hace 1 mes;Jornada completa Â· Algo de responsabilidad
216;Data Engineer;Michael Page;Barcelona, CataluÃ±a, EspaÃ±a;hace 3 dÃ­as;Jornada completa Â· Sin experiencia
217;Senior Data Analyst, Growth;Brainly;EspaÃ±a;hace 1 semana;Jornada completa Â· Intermedio
218;Data Analyst - Qcommerce - Partner Operations;Glovo;Barcelona, CataluÃ±a, EspaÃ±a;hace 1 semana;Jornada completa Â· Algo de responsabilidad
219;CONSULTOR BI;SETESCA;Barcelona, CataluÃ±a, EspaÃ±a;hace 1 hora;Jornada completa Â· Intermedio
220;Big Data engineer;GMV;Barcelona, CataluÃ±a, EspaÃ±a;hace 3 semanas;Jornada completa Â· Sin experiencia
221;Data Engineer;INNOCV Solutions;EspaÃ±a;hace 1 semana;Jornada completa Â· Sin experiencia
222;Junior Big Data Developer (Tech Support) - Google Cloud Platform;Webhelp;Barcelona y alrededores;hace 1 hora;Jornada completa Â· Algo de responsabilidad
223;Senior Intelligence Analyst (Remote);CrowdStrike;Barcelona, CataluÃ±a, EspaÃ±a;hace 5 horas;Jornada completa Â· Algo de responsabilidad
224;Especialista Business Intelligence;FDS, A DXC Technology Company;Barcelona y alrededores;hace 2 dÃ­as;Jornada completa Â· Algo de responsabilidad
225;Senior Data Analyst;Adevinta;Barcelona, CataluÃ±a, EspaÃ±a;hace 3 semanas;Jornada completa Â· Intermedio
226;Data Engineer;Toptal;Sabadell, CataluÃ±a, EspaÃ±a;hace 6 horas;Contrato por obra Â· Intermedio
227;Data Engineer (Returnly);Affirm;EspaÃ±a;hace 1 dÃ­a;Jornada completa Â· Intermedio
228;Consultor/a Analytics Qlik Sense;NUNSYS;EspaÃ±a;hace 4 semanas;Jornada completa
229;Data Analyst;Wallapop;Barcelona, CataluÃ±a, EspaÃ±a;hace 3 semanas;Jornada completa Â· Algo de responsabilidad
230;Data Migration Analyst;Accenture EspaÃ±a;Sant Cugat del VallÃ¨s, CataluÃ±a, EspaÃ±a;hace 1 dÃ­a;Jornada completa Â· Intermedio
231;Master Data Analyst;Page Personnel;Barcelona, CataluÃ±a, EspaÃ±a;hace 1 mes;Jornada completa Â· Algo de responsabilidad
232;Data Analyst;Goin;Barcelona, CataluÃ±a, EspaÃ±a;hace 1 mes;Jornada completa
233;Power BI Consultant (I&D);Capgemini;Barcelona, CataluÃ±a, EspaÃ±a;hace 1 semana;Jornada completa Â· Algo de responsabilidad
234;Data Analyst/Web Analyst (M/F);Wipro;Barcelona, CataluÃ±a, EspaÃ±a;hace 1 semana;Jornada completa
235;Junior Data Analyst;NTT DATA Business Solutions Spain;Barcelona, CataluÃ±a, EspaÃ±a;hace 3 semanas;Jornada completa
236;International BI/BA Analyst (H/M);Experis EspaÃ±a;Granollers y alrededores;hace 1 dÃ­a;Jornada completa Â· Intermedio
237;Data Science;Accenture EspaÃ±a;Barcelona, CataluÃ±a, EspaÃ±a;hace 3 semanas;Jornada completa Â· Sin experiencia
238;Data Analyst;Product Madness ğŸ“±ğŸ®;Barcelona, CataluÃ±a, EspaÃ±a;hace 1 mes;Jornada completa Â· Sin experiencia
239;Data Engineer (P.A-0104);M Digital Partner;Barcelona, CataluÃ±a, EspaÃ±a;hace 4 semanas;Jornada completa Â· Sin experiencia
240;Junior Data Scientist;Allianz Technology;Barcelona, CataluÃ±a, EspaÃ±a;hace 3 dÃ­as;Jornada completa
241;Data Engineer;Kiteris;Barcelona, CataluÃ±a, EspaÃ±a;hace 5 meses;Jornada completa Â· Sin experiencia
242;Business Intelligence Developer / Analyst (f/m/d).;wefox;Barcelona, CataluÃ±a, EspaÃ±a;hace 2 semanas;Jornada completa Â· Algo de responsabilidad
243;Business Intelligence Specialist;Tech Data;Barcelona, CataluÃ±a, EspaÃ±a;hace 2 semanas;Jornada completa
244;Senior Product Data Analyst - Experimentation;Kiwi.com;Barcelona, CataluÃ±a, EspaÃ±a;hace 1 dÃ­a;Jornada completa Â· Algo de responsabilidad
245;Data Analyst / BI Developer;Knossos Consulting;Barcelona, CataluÃ±a, EspaÃ±a;hace 2 dÃ­as;Jornada completa Â· Algo de responsabilidad
246;Ingeniero/a Big Data;open3s;Barcelona, CataluÃ±a, EspaÃ±a;hace 1 mes;Jornada completa Â· Sin experiencia
247;Google Professional Data Engineer;Accenture EspaÃ±a;Barcelona, CataluÃ±a, EspaÃ±a;hace 2 dÃ­as;Jornada completa Â· Intermedio
248;Web Analyst - Adobe Analytics;Tech Data;Barcelona, CataluÃ±a, EspaÃ±a;hace 2 semanas;Jornada completa
249;Data Engineer;The Cocktail;EspaÃ±a;hace 1 semana;Jornada completa Â· Intermedio
